{
  "project_info": {
    "project_number": "751982588115",
    "firebase_url": "https://dt-box.firebaseio.com",
    "project_id": "dt-box",
    "storage_bucket": "dt-box.appspot.com"
  },
  "client": [
    {
      "client_info": {
        "mobilesdk_app_id": "1:751982588115:android:23e34982020399fd00a426",
        "android_client_info": {
          "package_name": "com.example.dtbox"
        }
      },
      "oauth_client": [
        {
          "client_id": "751982588115-icavvk6ahbk4gqkm88rg37g71rn0cbqg.apps.googleusercontent.com",
          "client_type": 3
        }
      ],
      "api_key": [
        {
          "current_key": "AIzaSyDZx5Lr12XrIggwQeFEVdAb9zQke_NpFqI"
        }
      ],
      "services": {
        "appinvite_service": {
          "other_platform_oauth_client": [
            {
              "client_id": "751982588115-icavvk6ahbk4gqkm88rg37g71rn0cbqg.apps.googleusercontent.com",
              "client_type": 3
            }
          ]
        }
      }
    }
  ],
  "configuration_version": "1"
}